NameOfPax | Tickets | DateOfJourney | BookingReferenceNumber | Source | DomesticFlight | Via | IntlFlight | Destination 
xx  |  6  |  30 / 10  /2016  |  FL0970SG0996  |  DELHI  |  SG  131  |  Hyderabad (HYD)  |  MI  473  |  Singapore 
ABC  |  1  |  30 / 10 /2016  |  FL0157SG0817  |  DELHI  |  SG  131  |  Hyderabad (HYD)  |  MI  473  |  Singapore 
abc  |  1  |  14 / 10 /2016  |  FL0329SG0765  |  DELHI  |  SG  197  |  Bengaluru (BLR)  |  SQ  503  |  Singapore 
abd  |  1  |  02 / 11 /2016  |  FL0774SG0412  |  DELHI  |  SG  131  |  Hyderabad (HYD)  |  MI  473  |  Singapore 
d  |  1  |  01 / 11 /2016  |  FL0382SG0769  |  MUMBAI  |  SG  415  |  Bengaluru (BLR)  |  SQ  503  |  Singapore 
df  |  1  |  30 / 10  /2016  |  FL0021SG0617  |  DELHI  |  SG  253  |  Kolkata (CCU)  |  MI  487  |  Singapore 
  |  1  |  01 / 10 /2016  |  FL0725SG0658  |  DELHI  |  SG  197  |  Bengaluru (BLR)  |  SQ  503  |  Singapore 
  |  1  |  30 / 10 /2016  |  FL0380SG0949  |  PUNE  |  SG  517  |  Bengaluru (BLR)  |  SQ  503  |  Singapore 
  |  1  |  01 / 10 /2016  |  FL0073SG0015  |  DELHI  |  SG  197  |  Bengaluru (BLR)  |  SQ  503  |  Singapore 
ABC  |  1  |  01 / 10 /2016  |  FL0559SG0018  |  DELHI  |  SG  197  |  Bengaluru (BLR)  |  SQ  503  |  Singapore 
