FlightNum|date|day|seats
SG  149|9/1/2016|Saturday|15
SG  149|9/2/2016|Sunday|15
SG  149|9/3/2016|Monday|15
SG  149|9/6/2016|Thursday|15
SG  149|9/8/2016|Saturday|15
SG  149|9/9/2016|Sunday|15
SG  149|9/10/2016|Monday|15
SG  149|9/13/2016|Thursday|15
SG  149|9/15/2016|Saturday|15
SG  149|9/16/2016|Sunday|15
SG  149|9/17/2016|Monday|15
SG  149|9/20/2016|Thursday|15
SG  149|9/22/2016|Saturday|15
SG  149|9/23/2016|Sunday|15
SG  149|9/24/2016|Monday|15
SG  149|9/27/2016|Thursday|15
SG  149|9/29/2016|Saturday|15
SG  149|9/30/2016|Sunday|15
SG  149|10/1/2016|Saturday|15
SG  149|10/4/2016|Tuesday|15
SG  149|10/6/2016|Thursday|15
SG  149|10/7/2016|Friday|15
SG  149|10/8/2016|Saturday|15
SG  149|10/11/2016|Tuesday|15
SG  149|10/13/2016|Thursday|15
SG  149|10/14/2016|Friday|15
SG  149|10/15/2016|Saturday|15
SG  149|10/18/2016|Tuesday|15
SG  149|10/20/2016|Thursday|15
SG  149|10/21/2016|Friday|15
SG  149|10/22/2016|Saturday|15
SG  149|10/25/2016|Tuesday|15
SG  149|10/27/2016|Thursday|15
SG  149|10/28/2016|Friday|15
SG  149|10/29/2016|Saturday|15
SG  143|9/1/2016|Saturday|15
SG  143|9/2/2016|Sunday|15
SG  143|9/3/2016|Monday|15
SG  143|9/4/2016|Tuesday|15
SG  143|9/5/2016|Wednesday|15
SG  143|9/6/2016|Thursday|15
SG  143|9/7/2016|Friday|15
SG  143|9/8/2016|Saturday|15
SG  143|9/9/2016|Sunday|15
SG  143|9/10/2016|Monday|15
SG  143|9/11/2016|Tuesday|15
SG  143|9/12/2016|Wednesday|15
SG  143|9/13/2016|Thursday|15
SG  143|9/14/2016|Friday|15
SG  143|9/15/2016|Saturday|15
SG  143|9/16/2016|Sunday|15
SG  143|9/17/2016|Monday|15
SG  143|9/18/2016|Tuesday|15
SG  143|9/19/2016|Wednesday|15
SG  143|9/20/2016|Thursday|15
SG  143|9/21/2016|Friday|15
SG  143|9/22/2016|Saturday|15
SG  143|9/23/2016|Sunday|15
SG  143|9/24/2016|Monday|15
SG  143|9/25/2016|Tuesday|15
SG  143|9/26/2016|Wednesday|15
SG  143|9/27/2016|Thursday|15
SG  143|9/28/2016|Friday|15
SG  143|9/29/2016|Saturday|15
SG  143|9/30/2016|Sunday|15
SG  143|10/1/2016|Saturday|15
SG  143|10/2/2016|Sunday|15
SG  143|10/3/2016|Monday|15
SG  143|10/4/2016|Tuesday|15
SG  143|10/5/2016|Wednesday|15
SG  143|10/6/2016|Thursday|15
SG  143|10/7/2016|Friday|15
SG  143|10/8/2016|Saturday|15
SG  143|10/9/2016|Sunday|15
SG  143|10/10/2016|Monday|15
SG  143|10/11/2016|Tuesday|15
SG  143|10/12/2016|Wednesday|15
SG  143|10/13/2016|Thursday|15
SG  143|10/14/2016|Friday|15
SG  143|10/15/2016|Saturday|15
SG  143|10/16/2016|Sunday|15
SG  143|10/17/2016|Monday|15
SG  143|10/18/2016|Tuesday|15
SG  143|10/19/2016|Wednesday|15
SG  143|10/20/2016|Thursday|15
SG  143|10/21/2016|Friday|15
SG  143|10/22/2016|Saturday|15
SG  143|10/23/2016|Sunday|15
SG  143|10/24/2016|Monday|15
SG  143|10/25/2016|Tuesday|15
SG  143|10/26/2016|Wednesday|15
SG  143|10/27/2016|Thursday|15
SG  143|10/28/2016|Friday|15
SG  143|10/29/2016|Saturday|15
SG  191|9/1/2016|Saturday|15
SG  191|9/2/2016|Sunday|15
SG  191|9/3/2016|Monday|15
SG  191|9/4/2016|Tuesday|15
SG  191|9/5/2016|Wednesday|15
SG  191|9/6/2016|Thursday|15
SG  191|9/7/2016|Friday|15
SG  191|9/8/2016|Saturday|15
SG  191|9/9/2016|Sunday|15
SG  191|9/10/2016|Monday|15
SG  191|9/11/2016|Tuesday|15
SG  191|9/12/2016|Wednesday|15
SG  191|9/13/2016|Thursday|15
SG  191|9/14/2016|Friday|15
SG  191|9/15/2016|Saturday|15
SG  191|9/16/2016|Sunday|15
SG  191|9/17/2016|Monday|15
SG  191|9/18/2016|Tuesday|15
SG  191|9/19/2016|Wednesday|15
SG  191|9/20/2016|Thursday|15
SG  191|9/21/2016|Friday|15
SG  191|9/22/2016|Saturday|15
SG  191|9/23/2016|Sunday|15
SG  191|9/24/2016|Monday|15
SG  191|9/25/2016|Tuesday|15
SG  191|9/26/2016|Wednesday|15
SG  191|9/27/2016|Thursday|15
SG  191|9/28/2016|Friday|15
SG  191|9/29/2016|Saturday|15
SG  191|9/30/2016|Sunday|15
SG  191|10/1/2016|Saturday|15
SG  191|10/2/2016|Sunday|15
SG  191|10/3/2016|Monday|15
SG  191|10/4/2016|Tuesday|15
SG  191|10/5/2016|Wednesday|15
SG  191|10/6/2016|Thursday|15
SG  191|10/7/2016|Friday|15
SG  191|10/8/2016|Saturday|15
SG  191|10/9/2016|Sunday|15
SG  191|10/10/2016|Monday|15
SG  191|10/11/2016|Tuesday|15
SG  191|10/12/2016|Wednesday|15
SG  191|10/13/2016|Thursday|15
SG  191|10/14/2016|Friday|15
SG  191|10/15/2016|Saturday|15
SG  191|10/16/2016|Sunday|15
SG  191|10/17/2016|Monday|15
SG  191|10/18/2016|Tuesday|15
SG  191|10/19/2016|Wednesday|15
SG  191|10/20/2016|Thursday|15
SG  191|10/21/2016|Friday|15
SG  191|10/22/2016|Saturday|15
SG  191|10/23/2016|Sunday|15
SG  191|10/24/2016|Monday|15
SG  191|10/25/2016|Tuesday|15
SG  191|10/26/2016|Wednesday|15
SG  191|10/27/2016|Thursday|15
SG  191|10/28/2016|Friday|15
SG  191|10/29/2016|Saturday|15
SG  197|10/1/2016|Saturday|12
SG  197|10/2/2016|Sunday|15
SG  197|10/3/2016|Monday|15
SG  197|10/4/2016|Tuesday|15
SG  197|10/5/2016|Wednesday|15
SG  197|10/6/2016|Thursday|15
SG  197|10/7/2016|Friday|15
SG  197|10/8/2016|Saturday|15
SG  197|10/9/2016|Sunday|15
SG  197|10/10/2016|Monday|15
SG  197|10/11/2016|Tuesday|15
SG  197|10/12/2016|Wednesday|15
SG  197|10/13/2016|Thursday|15
SG  197|10/14/2016|Friday|14
SG  197|10/15/2016|Saturday|15
SG  197|10/16/2016|Sunday|15
SG  197|10/17/2016|Monday|15
SG  197|10/18/2016|Tuesday|15
SG  197|10/19/2016|Wednesday|15
SG  197|10/20/2016|Thursday|15
SG  197|10/21/2016|Friday|15
SG  197|10/22/2016|Saturday|15
SG  197|10/23/2016|Sunday|15
SG  197|10/24/2016|Monday|15
SG  197|10/25/2016|Tuesday|15
SG  197|10/26/2016|Wednesday|15
SG  197|10/27/2016|Thursday|15
SG  197|10/28/2016|Friday|15
SG  197|10/29/2016|Saturday|15
SG  149|11/1/2016|Saturday|15
SG  149|11/3/2016|Monday|15
SG  149|11/4/2016|Tuesday|15
SG  149|11/5/2016|Wednesday|15
SG  149|11/8/2016|Saturday|15
SG  149|11/10/2016|Monday|15
SG  149|11/11/2016|Tuesday|15
SG  149|11/12/2016|Wednesday|15
SG  137|10/30/2016|Sunday|15
SG  137|10/31/2016|Monday|15
SG  137|11/1/2016|Saturday|15
SG  137|11/2/2016|Sunday|15
SG  137|11/3/2016|Monday|15
SG  137|11/4/2016|Tuesday|15
SG  137|11/5/2016|Wednesday|15
SG  137|11/6/2016|Thursday|15
SG  137|11/7/2016|Friday|15
SG  137|11/8/2016|Saturday|15
SG  137|11/9/2016|Sunday|15
SG  137|11/10/2016|Monday|15
SG  137|11/11/2016|Tuesday|15
SG  137|11/12/2016|Wednesday|15
SG  137|11/13/2016|Thursday|15
SG  139|10/30/2016|Sunday|15
SG  139|10/31/2016|Monday|15
SG  139|11/1/2016|Saturday|15
SG  139|11/2/2016|Sunday|15
SG  139|11/3/2016|Monday|15
SG  139|11/4/2016|Tuesday|15
SG  139|11/5/2016|Wednesday|15
SG  139|11/6/2016|Thursday|15
SG  139|11/7/2016|Friday|15
SG  139|11/8/2016|Saturday|15
SG  139|11/9/2016|Sunday|15
SG  139|11/10/2016|Monday|15
SG  139|11/11/2016|Tuesday|15
SG  139|11/12/2016|Wednesday|15
SG  139|11/13/2016|Thursday|15
SG  141|10/30/2016|Sunday|15
SG  141|10/31/2016|Monday|15
SG  141|11/1/2016|Saturday|15
SG  141|11/2/2016|Sunday|15
SG  141|11/3/2016|Monday|15
SG  141|11/4/2016|Tuesday|15
SG  141|11/5/2016|Wednesday|15
SG  141|11/6/2016|Thursday|15
SG  141|11/7/2016|Friday|15
SG  141|11/8/2016|Saturday|15
SG  141|11/9/2016|Sunday|15
SG  141|11/10/2016|Monday|15
SG  141|11/11/2016|Tuesday|15
SG  141|11/12/2016|Wednesday|15
SG  141|11/13/2016|Thursday|15
SG  103|10/1/2016|Saturday|15
SG  103|10/2/2016|Sunday|15
SG  103|10/3/2016|Monday|15
SG  103|10/4/2016|Tuesday|15
SG  103|10/5/2016|Wednesday|15
SG  103|10/6/2016|Thursday|15
SG  103|10/7/2016|Friday|15
SG  103|10/8/2016|Saturday|15
SG  103|10/9/2016|Sunday|15
SG  103|10/10/2016|Monday|15
SG  103|10/11/2016|Tuesday|15
SG  103|10/12/2016|Wednesday|15
SG  103|10/13/2016|Thursday|15
SG  103|10/14/2016|Friday|15
SG  103|10/15/2016|Saturday|15
SG  103|10/16/2016|Sunday|15
SG  103|10/17/2016|Monday|15
SG  103|10/18/2016|Tuesday|15
SG  103|10/19/2016|Wednesday|15
SG  103|10/20/2016|Thursday|15
SG  103|10/21/2016|Friday|15
SG  103|10/22/2016|Saturday|15
SG  103|10/23/2016|Sunday|15
SG  103|10/24/2016|Monday|15
SG  103|10/25/2016|Tuesday|15
SG  103|10/26/2016|Wednesday|15
SG  103|10/27/2016|Thursday|15
SG  103|10/28/2016|Friday|15
SG  103|10/29/2016|Saturday|15
SG  109|10/1/2016|Saturday|15
SG  109|10/3/2016|Monday|15
SG  109|10/4/2016|Tuesday|15
SG  109|10/5/2016|Wednesday|15
SG  109|10/6/2016|Thursday|15
SG  109|10/7/2016|Friday|15
SG  109|10/8/2016|Saturday|15
SG  109|10/10/2016|Monday|15
SG  109|10/11/2016|Tuesday|15
SG  109|10/12/2016|Wednesday|15
SG  109|10/13/2016|Thursday|15
SG  109|10/14/2016|Friday|15
SG  109|10/15/2016|Saturday|15
SG  109|10/17/2016|Monday|15
SG  109|10/18/2016|Tuesday|15
SG  109|10/19/2016|Wednesday|15
SG  109|10/20/2016|Thursday|15
SG  109|10/21/2016|Friday|15
SG  109|10/22/2016|Saturday|15
SG  109|10/24/2016|Monday|15
SG  109|10/25/2016|Tuesday|15
SG  109|10/26/2016|Wednesday|15
SG  109|10/27/2016|Thursday|15
SG  109|10/28/2016|Friday|15
SG  109|10/29/2016|Saturday|15
SG  109|10/2/2016|Sunday|15
SG  109|10/9/2016|Sunday|15
SG  109|10/16/2016|Sunday|15
SG  109|10/23/2016|Sunday|15
SG  101|10/30/2016|Sunday|15
SG  101|10/31/2016|Monday|15
SG  101|11/1/2016|Saturday|15
SG  101|11/2/2016|Sunday|15
SG  101|11/3/2016|Monday|15
SG  101|11/4/2016|Tuesday|15
SG  101|11/5/2016|Wednesday|15
SG  101|11/6/2016|Thursday|15
SG  101|11/7/2016|Friday|15
SG  101|11/8/2016|Saturday|15
SG  101|11/9/2016|Sunday|15
SG  101|11/10/2016|Monday|15
SG  101|11/11/2016|Tuesday|15
SG  101|11/12/2016|Wednesday|15
SG  101|11/13/2016|Thursday|15
SG  103|10/30/2016|Sunday|15
SG  103|10/31/2016|Monday|15
SG  103|11/1/2016|Saturday|15
SG  103|11/2/2016|Sunday|15
SG  103|11/3/2016|Monday|15
SG  103|11/4/2016|Tuesday|15
SG  103|11/5/2016|Wednesday|15
SG  103|11/6/2016|Thursday|15
SG  103|11/7/2016|Friday|15
SG  103|11/8/2016|Saturday|15
SG  103|11/9/2016|Sunday|15
SG  103|11/10/2016|Monday|15
SG  103|11/11/2016|Tuesday|15
SG  103|11/12/2016|Wednesday|15
SG  103|11/13/2016|Thursday|15
SG  109|10/31/2016|Monday|15
SG  109|11/1/2016|Saturday|15
SG  109|11/2/2016|Sunday|15
SG  109|11/3/2016|Monday|15
SG  109|11/4/2016|Tuesday|15
SG  109|11/5/2016|Wednesday|15
SG  109|11/7/2016|Friday|15
SG  109|11/8/2016|Saturday|15
SG  109|11/9/2016|Sunday|15
SG  109|11/10/2016|Monday|15
SG  109|11/11/2016|Tuesday|15
SG  109|11/12/2016|Wednesday|15
SG  109|10/30/2016|Sunday|15
SG  109|11/6/2016|Thursday|15
SG  109|11/13/2016|Thursday|15
SG  123|10/1/2016|Saturday|15
SG  123|10/2/2016|Sunday|15
SG  123|10/3/2016|Monday|15
SG  123|10/4/2016|Tuesday|15
SG  123|10/5/2016|Wednesday|15
SG  123|10/6/2016|Thursday|15
SG  123|10/7/2016|Friday|15
SG  123|10/8/2016|Saturday|15
SG  123|10/9/2016|Sunday|15
SG  123|10/10/2016|Monday|15
SG  123|10/11/2016|Tuesday|15
SG  123|10/12/2016|Wednesday|15
SG  123|10/13/2016|Thursday|15
SG  123|10/14/2016|Friday|15
SG  123|10/15/2016|Saturday|15
SG  123|10/16/2016|Sunday|15
SG  123|10/17/2016|Monday|15
SG  123|10/18/2016|Tuesday|15
SG  123|10/19/2016|Wednesday|15
SG  123|10/20/2016|Thursday|15
SG  123|10/21/2016|Friday|15
SG  123|10/22/2016|Saturday|15
SG  123|10/23/2016|Sunday|15
SG  123|10/24/2016|Monday|15
SG  123|10/25/2016|Tuesday|15
SG  123|10/26/2016|Wednesday|15
SG  123|10/27/2016|Thursday|15
SG  123|10/28/2016|Friday|15
SG  123|10/29/2016|Saturday|15
SG  123|10/30/2016|Sunday|15
SG  123|10/31/2016|Monday|15
SG  123|11/1/2016|Saturday|15
SG  123|11/2/2016|Sunday|15
SG  123|11/3/2016|Monday|15
SG  123|11/4/2016|Tuesday|15
SG  123|11/5/2016|Wednesday|15
SG  123|11/6/2016|Thursday|15
SG  123|11/7/2016|Friday|15
SG  123|11/8/2016|Saturday|15
SG  123|11/9/2016|Sunday|15
SG  123|11/10/2016|Monday|15
SG  123|11/11/2016|Tuesday|15
SG  123|11/12/2016|Wednesday|15
SG  123|11/13/2016|Thursday|15
SG  131|10/30/2016|Sunday|8
SG  131|10/31/2016|Monday|15
SG  131|11/1/2016|Saturday|15
SG  131|11/2/2016|Sunday|14
SG  131|11/3/2016|Monday|15
SG  131|11/4/2016|Tuesday|15
SG  131|11/5/2016|Wednesday|15
SG  131|11/6/2016|Thursday|15
SG  131|11/7/2016|Friday|15
SG  131|11/8/2016|Saturday|15
SG  131|11/9/2016|Sunday|15
SG  131|11/10/2016|Monday|15
SG  131|11/11/2016|Tuesday|15
SG  131|11/12/2016|Wednesday|15
SG  131|11/13/2016|Thursday|15
SG  253|10/1/2016|Saturday|15
SG  253|10/3/2016|Monday|15
SG  253|10/4/2016|Tuesday|15
SG  253|10/5/2016|Wednesday|15
SG  253|10/6/2016|Thursday|15
SG  253|10/7/2016|Friday|15
SG  253|10/8/2016|Saturday|15
SG  253|10/10/2016|Monday|15
SG  253|10/11/2016|Tuesday|15
SG  253|10/12/2016|Wednesday|15
SG  253|10/13/2016|Thursday|15
SG  253|10/14/2016|Friday|15
SG  253|10/15/2016|Saturday|15
SG  253|10/17/2016|Monday|15
SG  253|10/18/2016|Tuesday|15
SG  253|10/19/2016|Wednesday|15
SG  253|10/20/2016|Thursday|15
SG  253|10/21/2016|Friday|15
SG  253|10/22/2016|Saturday|15
SG  253|10/24/2016|Monday|15
SG  253|10/25/2016|Tuesday|15
SG  253|10/26/2016|Wednesday|15
SG  253|10/27/2016|Thursday|15
SG  253|10/28/2016|Friday|15
SG  253|10/29/2016|Saturday|15
SG 8721|10/1/2016|Saturday|15
SG 8721|10/2/2016|Sunday|15
SG 8721|10/3/2016|Monday|15
SG 8721|10/4/2016|Tuesday|15
SG 8721|10/5/2016|Wednesday|15
SG 8721|10/6/2016|Thursday|15
SG 8721|10/7/2016|Friday|15
SG 8721|10/8/2016|Saturday|15
SG 8721|10/9/2016|Sunday|15
SG 8721|10/10/2016|Monday|15
SG 8721|10/11/2016|Tuesday|15
SG 8721|10/12/2016|Wednesday|15
SG 8721|10/13/2016|Thursday|15
SG 8721|10/14/2016|Friday|15
SG 8721|10/15/2016|Saturday|15
SG  253|10/2/2016|Sunday|15
SG  253|10/9/2016|Sunday|15
SG  253|10/16/2016|Sunday|15
SG  253|10/23/2016|Sunday|15
SG  263|10/30/2016|Sunday|15
SG  263|10/31/2016|Monday|15
SG  263|11/1/2016|Saturday|15
SG  263|11/2/2016|Sunday|15
SG  263|11/3/2016|Monday|15
SG  263|11/4/2016|Tuesday|15
SG  263|11/5/2016|Wednesday|15
SG  263|11/6/2016|Thursday|15
SG  263|11/7/2016|Friday|15
SG  263|11/8/2016|Saturday|15
SG  263|11/9/2016|Sunday|15
SG  263|11/10/2016|Monday|15
SG  263|11/11/2016|Tuesday|15
SG  263|11/12/2016|Wednesday|15
SG  263|11/13/2016|Thursday|15
SG  251|10/30/2016|Sunday|15
SG  251|10/31/2016|Monday|15
SG  251|11/1/2016|Saturday|15
SG  251|11/2/2016|Sunday|15
SG  251|11/3/2016|Monday|15
SG  251|11/4/2016|Tuesday|15
SG  251|11/5/2016|Wednesday|15
SG  251|11/6/2016|Thursday|15
SG  251|11/7/2016|Friday|15
SG  251|11/8/2016|Saturday|15
SG  251|11/9/2016|Sunday|15
SG  251|11/10/2016|Monday|15
SG  251|11/11/2016|Tuesday|15
SG  251|11/12/2016|Wednesday|15
SG  251|11/13/2016|Thursday|15
SG  253|10/31/2016|Monday|15
SG  253|11/1/2016|Saturday|15
SG  253|11/2/2016|Sunday|15
SG  253|11/3/2016|Monday|15
SG  253|11/4/2016|Tuesday|15
SG  253|11/5/2016|Wednesday|15
SG  253|11/7/2016|Friday|15
SG  253|11/8/2016|Saturday|15
SG  253|11/9/2016|Sunday|15
SG  253|11/10/2016|Monday|15
SG  253|11/11/2016|Tuesday|15
SG  253|11/12/2016|Wednesday|15
SG  253|10/30/2016|Sunday|14
SG  253|11/6/2016|Thursday|15
SG  253|11/13/2016|Thursday|15
SG  415|10/1/2016|Saturday|15
SG  415|10/2/2016|Sunday|15
SG  415|10/3/2016|Monday|15
SG  415|10/4/2016|Tuesday|15
SG  415|10/5/2016|Wednesday|15
SG  415|10/6/2016|Thursday|15
SG  415|10/7/2016|Friday|15
SG  415|10/8/2016|Saturday|15
SG  415|10/9/2016|Sunday|15
SG  415|10/10/2016|Monday|15
SG  415|10/11/2016|Tuesday|15
SG  415|10/12/2016|Wednesday|15
SG  415|10/13/2016|Thursday|15
SG  415|10/14/2016|Friday|15
SG  415|10/15/2016|Saturday|15
SG  415|10/16/2016|Sunday|15
SG  415|10/17/2016|Monday|15
SG  415|10/18/2016|Tuesday|15
SG  415|10/19/2016|Wednesday|15
SG  415|10/20/2016|Thursday|15
SG  415|10/21/2016|Friday|15
SG  415|10/22/2016|Saturday|15
SG  415|10/23/2016|Sunday|15
SG  415|10/24/2016|Monday|15
SG  415|10/25/2016|Tuesday|15
SG  415|10/26/2016|Wednesday|15
SG  415|10/27/2016|Thursday|15
SG  415|10/28/2016|Friday|15
SG  415|10/29/2016|Saturday|15
SG  413|10/30/2016|Sunday|15
SG  413|10/31/2016|Monday|15
SG  413|11/1/2016|Saturday|15
SG  413|11/2/2016|Sunday|15
SG  413|11/3/2016|Monday|15
SG  413|11/4/2016|Tuesday|15
SG  413|11/5/2016|Wednesday|15
SG  413|11/6/2016|Thursday|15
SG  413|11/7/2016|Friday|15
SG  413|11/8/2016|Saturday|15
SG  413|11/9/2016|Sunday|15
SG  413|11/10/2016|Monday|15
SG  413|11/11/2016|Tuesday|15
SG  413|11/12/2016|Wednesday|15
SG  413|11/13/2016|Thursday|15
SG  415|10/30/2016|Sunday|15
SG  415|10/31/2016|Monday|15
SG  415|11/1/2016|Saturday|14
SG  415|11/2/2016|Sunday|15
SG  415|11/3/2016|Monday|15
SG  415|11/4/2016|Tuesday|15
SG  415|11/5/2016|Wednesday|15
SG  415|11/6/2016|Thursday|15
SG  415|11/7/2016|Friday|15
SG  415|11/8/2016|Saturday|15
SG  415|11/9/2016|Sunday|15
SG  415|11/10/2016|Monday|15
SG  415|11/11/2016|Tuesday|15
SG  415|11/12/2016|Wednesday|15
SG  415|11/13/2016|Thursday|15
SG  611|10/1/2016|Saturday|15
SG  611|10/2/2016|Sunday|15
SG  611|10/3/2016|Monday|15
SG  611|10/4/2016|Tuesday|15
SG  611|10/5/2016|Wednesday|15
SG  611|10/6/2016|Thursday|15
SG  611|10/7/2016|Friday|15
SG  611|10/8/2016|Saturday|15
SG  611|10/9/2016|Sunday|15
SG  611|10/10/2016|Monday|15
SG  611|10/11/2016|Tuesday|15
SG  611|10/12/2016|Wednesday|15
SG  611|10/13/2016|Thursday|15
SG  611|10/14/2016|Friday|15
SG  611|10/15/2016|Saturday|15
SG  611|10/16/2016|Sunday|15
SG  611|10/17/2016|Monday|15
SG  611|10/18/2016|Tuesday|15
SG  611|10/19/2016|Wednesday|15
SG  611|10/20/2016|Thursday|15
SG  611|10/21/2016|Friday|15
SG  611|10/22/2016|Saturday|15
SG  611|10/23/2016|Sunday|15
SG  611|10/24/2016|Monday|15
SG  611|10/25/2016|Tuesday|15
SG  611|10/26/2016|Wednesday|15
SG  611|10/27/2016|Thursday|15
SG  611|10/28/2016|Friday|15
SG  611|10/29/2016|Saturday|15
SG  611|10/30/2016|Sunday|15
SG  611|10/31/2016|Monday|15
SG  611|11/1/2016|Saturday|15
SG  611|11/2/2016|Sunday|15
SG  611|11/3/2016|Monday|15
SG  611|11/4/2016|Tuesday|15
SG  611|11/5/2016|Wednesday|15
SG  611|11/6/2016|Thursday|15
SG  611|11/7/2016|Friday|15
SG  611|11/8/2016|Saturday|15
SG  611|11/9/2016|Sunday|15
SG  611|11/10/2016|Monday|15
SG  611|11/11/2016|Tuesday|15
SG  611|11/12/2016|Wednesday|15
SG  611|11/13/2016|Thursday|15
SG  613|10/30/2016|Sunday|15
SG  613|10/31/2016|Monday|15
SG  613|11/1/2016|Saturday|15
SG  613|11/2/2016|Sunday|15
SG  613|11/3/2016|Monday|15
SG  613|11/4/2016|Tuesday|15
SG  613|11/5/2016|Wednesday|15
SG  613|11/6/2016|Thursday|15
SG  613|11/7/2016|Friday|15
SG  613|11/8/2016|Saturday|15
SG  613|11/9/2016|Sunday|15
SG  613|11/10/2016|Monday|15
SG  613|11/11/2016|Tuesday|15
SG  613|11/12/2016|Wednesday|15
SG  613|11/13/2016|Thursday|15
SG  421|10/30/2016|Sunday|15
SG  421|10/31/2016|Monday|15
SG  421|11/1/2016|Saturday|15
SG  421|11/2/2016|Sunday|15
SG  421|11/3/2016|Monday|15
SG  421|11/4/2016|Tuesday|15
SG  421|11/5/2016|Wednesday|15
SG  421|11/6/2016|Thursday|15
SG  421|11/7/2016|Friday|15
SG  421|11/8/2016|Saturday|15
SG  421|11/9/2016|Sunday|15
SG  421|11/10/2016|Monday|15
SG  421|11/11/2016|Tuesday|15
SG  421|11/12/2016|Wednesday|15
SG  421|11/13/2016|Thursday|15
SG  423|10/30/2016|Sunday|15
SG  703|10/30/2016|Sunday|15
SG  703|10/31/2016|Monday|15
SG  703|11/1/2016|Saturday|15
SG  703|11/2/2016|Sunday|15
SG  703|11/3/2016|Monday|15
SG  703|11/4/2016|Tuesday|15
SG  703|11/5/2016|Wednesday|15
SG  703|11/6/2016|Thursday|15
SG  703|11/7/2016|Friday|15
SG  703|11/8/2016|Saturday|15
SG  703|11/9/2016|Sunday|15
SG  703|11/10/2016|Monday|15
SG  703|11/11/2016|Tuesday|15
SG  703|11/12/2016|Wednesday|15
SG  703|11/13/2016|Thursday|15
SG  423|10/31/2016|Monday|15
SG  423|11/2/2016|Sunday|15
SG  423|11/3/2016|Monday|15
SG  423|11/4/2016|Tuesday|15
SG  423|11/6/2016|Thursday|15
SG  423|11/7/2016|Friday|15
SG  423|11/9/2016|Sunday|15
SG  423|11/10/2016|Monday|15
SG  423|11/11/2016|Tuesday|15
SG  423|11/13/2016|Thursday|15
SG  487|10/30/2016|Sunday|15
SG  487|10/31/2016|Monday|15
SG  487|11/1/2016|Saturday|15
SG  487|11/2/2016|Sunday|15
SG  487|11/3/2016|Monday|15
SG  487|11/4/2016|Tuesday|15
SG  487|11/5/2016|Wednesday|15
SG  487|11/6/2016|Thursday|15
SG  487|11/7/2016|Friday|15
SG  487|11/8/2016|Saturday|15
SG  487|11/9/2016|Sunday|15
SG  487|11/10/2016|Monday|15
SG  487|11/11/2016|Tuesday|15
SG  487|11/12/2016|Wednesday|15
SG  487|11/13/2016|Thursday|15
SG  513|10/30/2016|Sunday|15
SG  513|10/31/2016|Monday|15
SG  513|11/1/2016|Saturday|15
SG  513|11/2/2016|Sunday|15
SG  513|11/3/2016|Monday|15
SG  513|11/4/2016|Tuesday|15
SG  513|11/5/2016|Wednesday|15
SG  513|11/6/2016|Thursday|15
SG  513|11/7/2016|Friday|15
SG  513|11/8/2016|Saturday|15
SG  513|11/9/2016|Sunday|15
SG  513|11/10/2016|Monday|15
SG  513|11/11/2016|Tuesday|15
SG  513|11/12/2016|Wednesday|15
SG  513|11/13/2016|Thursday|15
SG  517|10/30/2016|Sunday|14
SG  517|10/31/2016|Monday|15
SG  517|11/1/2016|Saturday|15
SG  517|11/2/2016|Sunday|15
SG  517|11/4/2016|Tuesday|15
SG  517|11/5/2016|Wednesday|15
SG  517|11/6/2016|Thursday|15
SG  517|11/7/2016|Friday|15
SG  517|11/8/2016|Saturday|15
SG  517|11/9/2016|Sunday|15
SG  517|11/11/2016|Tuesday|15
SG  517|11/12/2016|Wednesday|15
SG  517|11/13/2016|Thursday|15
SG  529|10/30/2016|Sunday|15
SG  529|10/31/2016|Monday|15
SG  529|11/1/2016|Saturday|15
SG  529|11/2/2016|Sunday|15
SG  529|11/3/2016|Monday|15
SG  529|11/4/2016|Tuesday|15
SG  529|11/5/2016|Wednesday|15
SG  529|11/6/2016|Thursday|15
SG  529|11/7/2016|Friday|15
SG  529|11/8/2016|Saturday|15
SG  529|11/9/2016|Sunday|15
SG  529|11/10/2016|Monday|15
SG  529|11/11/2016|Tuesday|15
SG  529|11/12/2016|Wednesday|15
SG  529|11/13/2016|Thursday|15
SG 1016|10/30/2016|Sunday|15
SG 1016|10/31/2016|Monday|15
SG 1016|11/1/2016|Saturday|15
SG 1016|11/2/2016|Sunday|15
SG 1016|11/4/2016|Tuesday|15
SG 1016|11/5/2016|Wednesday|15
SG 1016|11/6/2016|Thursday|15
SG 1016|11/7/2016|Friday|15
SG 1016|11/8/2016|Saturday|15
SG 1016|11/9/2016|Sunday|15
SG 1016|11/11/2016|Tuesday|15
SG 1016|11/12/2016|Wednesday|15
SG 1016|11/13/2016|Thursday|15
SG  517|10/30/2016|Sunday|14
SG  517|10/31/2016|Monday|15
SG  517|11/1/2016|Saturday|15
SG  517|11/2/2016|Sunday|15
SG  517|11/4/2016|Tuesday|15
SG  517|11/5/2016|Wednesday|15
SG  517|11/6/2016|Thursday|15
SG  517|11/7/2016|Friday|15
SG  517|11/8/2016|Saturday|15
SG  517|11/9/2016|Sunday|15
SG  517|11/11/2016|Tuesday|15
SG  517|11/12/2016|Wednesday|15
SG  517|11/13/2016|Thursday|15
MI 423|9/1/2016|Saturday|15
MI 423|9/2/2016|Sunday|15
MI 423|9/3/2016|Monday|15
MI 423|9/6/2016|Thursday|15
MI 423|9/7/2016|Friday|15
MI 423|9/8/2016|Saturday|15
MI 423|9/9/2016|Sunday|15
MI 423|9/10/2016|Monday|15
MI 423|9/13/2016|Thursday|15
MI 423|9/14/2016|Friday|15
MI 423|9/15/2016|Saturday|15
MI 423|9/16/2016|Sunday|15
MI 423|9/17/2016|Monday|15
MI 423|9/20/2016|Thursday|15
MI 423|9/21/2016|Friday|15
MI 423|9/22/2016|Saturday|15
MI 423|9/23/2016|Sunday|15
MI 423|9/24/2016|Monday|15
MI 423|9/27/2016|Thursday|15
MI 423|9/28/2016|Friday|15
MI 423|9/29/2016|Saturday|15
MI 423|9/30/2016|Sunday|15
MI 423|10/1/2016|Saturday|15
MI 423|10/4/2016|Tuesday|15
MI 423|10/5/2016|Wednesday|15
MI 423|10/6/2016|Thursday|15
MI 423|10/7/2016|Friday|15
MI 423|10/8/2016|Saturday|15
MI 423|10/11/2016|Tuesday|15
MI 423|10/12/2016|Wednesday|15
MI 423|10/13/2016|Thursday|15
MI 423|10/14/2016|Friday|15
MI 423|10/15/2016|Saturday|15
MI 423|10/18/2016|Tuesday|15
MI 423|10/19/2016|Wednesday|15
MI 423|10/20/2016|Thursday|15
MI 423|10/21/2016|Friday|15
MI 423|10/22/2016|Saturday|15
MI 423|10/25/2016|Tuesday|15
MI 423|10/26/2016|Wednesday|15
MI 423|10/27/2016|Thursday|15
MI 423|10/28/2016|Friday|15
MI 423|10/29/2016|Saturday|15
MI 423|11/1/2016|Saturday|15
MI 423|11/2/2016|Sunday|15
MI 423|11/3/2016|Monday|15
MI 423|11/4/2016|Tuesday|15
MI 423|11/5/2016|Wednesday|15
MI 423|11/8/2016|Saturday|15
MI 423|11/9/2016|Sunday|15
MI 423|11/10/2016|Monday|15
MI 423|11/11/2016|Tuesday|15
MI 423|11/12/2016|Wednesday|15
SQ 503|9/1/2016|Saturday|15
SQ 503|9/2/2016|Sunday|15
SQ 503|9/3/2016|Monday|15
SQ 503|9/4/2016|Tuesday|15
SQ 503|9/5/2016|Wednesday|15
SQ 503|9/6/2016|Thursday|15
SQ 503|9/7/2016|Friday|15
SQ 503|9/8/2016|Saturday|15
SQ 503|9/9/2016|Sunday|15
SQ 503|9/10/2016|Monday|15
SQ 503|9/11/2016|Tuesday|15
SQ 503|9/12/2016|Wednesday|15
SQ 503|9/13/2016|Thursday|15
SQ 503|9/14/2016|Friday|15
SQ 503|9/15/2016|Saturday|15
SQ 503|9/16/2016|Sunday|15
SQ 503|9/17/2016|Monday|15
SQ 503|9/18/2016|Tuesday|15
SQ 503|9/19/2016|Wednesday|15
SQ 503|9/20/2016|Thursday|15
SQ 503|9/21/2016|Friday|15
SQ 503|9/22/2016|Saturday|15
SQ 503|9/23/2016|Sunday|15
SQ 503|9/24/2016|Monday|15
SQ 503|9/25/2016|Tuesday|15
SQ 503|9/26/2016|Wednesday|15
SQ 503|9/27/2016|Thursday|15
SQ 503|9/28/2016|Friday|15
SQ 503|9/29/2016|Saturday|15
SQ 503|9/30/2016|Sunday|15
SQ 503|10/1/2016|Saturday|12
SQ 503|10/2/2016|Sunday|15
SQ 503|10/3/2016|Monday|15
SQ 503|10/4/2016|Tuesday|15
SQ 503|10/5/2016|Wednesday|15
SQ 503|10/6/2016|Thursday|15
SQ 503|10/7/2016|Friday|15
SQ 503|10/8/2016|Saturday|15
SQ 503|10/9/2016|Sunday|15
SQ 503|10/10/2016|Monday|15
SQ 503|10/11/2016|Tuesday|15
SQ 503|10/12/2016|Wednesday|15
SQ 503|10/13/2016|Thursday|15
SQ 503|10/14/2016|Friday|14
SQ 503|10/15/2016|Saturday|15
SQ 503|10/16/2016|Sunday|15
SQ 503|10/17/2016|Monday|15
SQ 503|10/18/2016|Tuesday|15
SQ 503|10/19/2016|Wednesday|15
SQ 503|10/20/2016|Thursday|15
SQ 503|10/21/2016|Friday|15
SQ 503|10/22/2016|Saturday|15
SQ 503|10/23/2016|Sunday|15
SQ 503|10/24/2016|Monday|15
SQ 503|10/25/2016|Tuesday|15
SQ 503|10/26/2016|Wednesday|15
SQ 503|10/27/2016|Thursday|15
SQ 503|10/28/2016|Friday|15
SQ 503|10/30/2016|Sunday|14
SQ 503|10/31/2016|Monday|15
SQ 503|11/1/2016|Saturday|14
SQ 503|11/2/2016|Sunday|15
SQ 503|11/3/2016|Monday|15
SQ 503|11/4/2016|Tuesday|15
SQ 503|11/5/2016|Wednesday|15
SQ 503|11/6/2016|Thursday|15
SQ 503|11/7/2016|Friday|15
SQ 503|11/8/2016|Saturday|15
SQ 503|11/9/2016|Sunday|15
SQ 503|11/10/2016|Monday|15
SQ 503|11/11/2016|Tuesday|15
SQ 503|11/12/2016|Wednesday|15
SQ 503|11/13/2016|Thursday|15
MI 435|9/1/2016|Saturday|15
MI 435|9/2/2016|Sunday|15
MI 435|9/7/2016|Friday|15
MI 435|9/8/2016|Saturday|15
MI 435|9/9/2016|Sunday|15
MI 435|9/14/2016|Friday|15
MI 435|9/15/2016|Saturday|15
MI 435|9/16/2016|Sunday|15
MI 435|9/21/2016|Friday|15
MI 435|9/22/2016|Saturday|15
MI 435|9/23/2016|Sunday|15
MI 435|9/28/2016|Friday|15
MI 435|9/29/2016|Saturday|15
MI 435|9/30/2016|Sunday|15
MI 435|10/5/2016|Wednesday|15
MI 435|10/6/2016|Thursday|15
MI 435|10/7/2016|Friday|15
MI 435|10/12/2016|Wednesday|15
MI 435|10/13/2016|Thursday|15
MI 435|10/14/2016|Friday|15
MI 435|10/19/2016|Wednesday|15
MI 435|10/20/2016|Thursday|15
MI 435|10/21/2016|Friday|15
MI 435|10/26/2016|Wednesday|15
MI 435|10/27/2016|Thursday|15
MI 435|10/28/2016|Friday|15
MI 435|11/2/2016|Sunday|15
MI 435|11/3/2016|Monday|15
MI 435|11/4/2016|Tuesday|15
MI 435|11/9/2016|Sunday|15
MI 435|11/10/2016|Monday|15
MI 435|11/11/2016|Tuesday|15
SQ 529|9/21/2016|Friday|15
SQ 529|9/22/2016|Saturday|15
SQ 529|9/23/2016|Sunday|15
SQ 529|9/24/2016|Monday|15
SQ 529|9/25/2016|Tuesday|15
SQ 529|9/26/2016|Wednesday|15
SQ 529|9/27/2016|Thursday|15
SQ 529|9/28/2016|Friday|15
SQ 529|9/29/2016|Saturday|15
SQ 529|9/30/2016|Sunday|15
SQ 529|10/1/2016|Saturday|15
SQ 529|10/2/2016|Sunday|15
SQ 529|10/3/2016|Monday|15
SQ 529|10/4/2016|Tuesday|15
SQ 529|10/5/2016|Wednesday|15
SQ 529|10/6/2016|Thursday|15
SQ 529|10/7/2016|Friday|15
SQ 529|10/8/2016|Saturday|15
SQ 529|10/9/2016|Sunday|15
SQ 529|10/10/2016|Monday|15
SQ 529|10/11/2016|Tuesday|15
SQ 529|10/12/2016|Wednesday|15
SQ 529|10/13/2016|Thursday|15
SQ 529|10/14/2016|Friday|15
SQ 529|10/15/2016|Saturday|15
SQ 529|10/16/2016|Sunday|15
SQ 529|10/17/2016|Monday|15
SQ 529|10/18/2016|Tuesday|15
SQ 529|10/19/2016|Wednesday|15
SQ 529|10/20/2016|Thursday|15
SQ 529|10/21/2016|Friday|15
SQ 529|10/22/2016|Saturday|15
SQ 529|10/23/2016|Sunday|15
SQ 529|10/24/2016|Monday|15
SQ 529|10/25/2016|Tuesday|15
SQ 529|10/26/2016|Wednesday|15
SQ 529|10/27/2016|Thursday|15
SQ 529|10/28/2016|Friday|15
SQ 529|10/29/2016|Saturday|15
SQ 529|10/30/2016|Sunday|15
SQ 529|10/31/2016|Monday|15
SQ 529|11/1/2016|Saturday|15
SQ 529|11/2/2016|Sunday|15
SQ 529|11/3/2016|Monday|15
SQ 529|11/4/2016|Tuesday|15
SQ 529|11/5/2016|Wednesday|15
SQ 529|11/6/2016|Thursday|15
SQ 529|11/7/2016|Friday|15
SQ 529|11/8/2016|Saturday|15
SQ 529|11/9/2016|Sunday|15
SQ 529|11/10/2016|Monday|15
SQ 529|11/11/2016|Tuesday|15
SQ 529|11/12/2016|Wednesday|15
SQ 529|11/13/2016|Thursday|15
MI 471|9/1/2016|Saturday|15
MI 471|9/2/2016|Sunday|15
MI 471|9/3/2016|Monday|15
MI 471|9/8/2016|Saturday|15
MI 471|9/9/2016|Sunday|15
MI 471|9/10/2016|Monday|15
MI 471|9/15/2016|Saturday|15
MI 471|9/16/2016|Sunday|15
MI 471|9/17/2016|Monday|15
MI 471|9/22/2016|Saturday|15
MI 471|9/23/2016|Sunday|15
MI 471|9/24/2016|Monday|15
MI 471|9/29/2016|Saturday|15
MI 471|9/30/2016|Sunday|15
MI 471|10/1/2016|Saturday|15
MI 471|10/6/2016|Thursday|15
MI 471|10/7/2016|Friday|15
MI 471|10/8/2016|Saturday|15
MI 471|10/13/2016|Thursday|15
MI 471|10/14/2016|Friday|15
MI 471|10/15/2016|Saturday|15
MI 471|10/20/2016|Thursday|15
MI 471|10/21/2016|Friday|15
MI 471|10/22/2016|Saturday|15
MI 471|10/27/2016|Thursday|15
MI 471|10/28/2016|Friday|15
MI 471|10/29/2016|Saturday|15
MI 471|11/2/2016|Sunday|15
MI 471|11/3/2016|Monday|15
MI 471|11/4/2016|Tuesday|15
MI 471|11/5/2016|Wednesday|15
MI 471|11/9/2016|Sunday|15
MI 471|11/10/2016|Monday|15
MI 471|11/11/2016|Tuesday|15
MI 471|11/12/2016|Wednesday|15
MI 473|9/1/2016|Saturday|15
MI 473|9/2/2016|Sunday|15
MI 473|9/3/2016|Monday|15
MI 473|9/4/2016|Tuesday|15
MI 473|9/5/2016|Wednesday|15
MI 473|9/6/2016|Thursday|15
MI 473|9/7/2016|Friday|15
MI 473|9/8/2016|Saturday|15
MI 473|9/9/2016|Sunday|15
MI 473|9/10/2016|Monday|15
MI 473|9/11/2016|Tuesday|15
MI 473|9/12/2016|Wednesday|15
MI 473|9/13/2016|Thursday|15
MI 473|9/14/2016|Friday|15
MI 473|9/15/2016|Saturday|15
MI 473|9/16/2016|Sunday|15
MI 473|9/17/2016|Monday|15
MI 473|9/18/2016|Tuesday|15
MI 473|9/19/2016|Wednesday|15
MI 473|9/20/2016|Thursday|15
MI 473|9/21/2016|Friday|15
MI 473|9/22/2016|Saturday|15
MI 473|9/23/2016|Sunday|15
MI 473|9/24/2016|Monday|15
MI 473|9/25/2016|Tuesday|15
MI 473|9/26/2016|Wednesday|15
MI 473|9/27/2016|Thursday|15
MI 473|9/28/2016|Friday|15
MI 473|9/29/2016|Saturday|15
MI 473|9/30/2016|Sunday|15
MI 473|10/1/2016|Saturday|15
MI 473|10/2/2016|Sunday|15
MI 473|10/3/2016|Monday|15
MI 473|10/4/2016|Tuesday|15
MI 473|10/5/2016|Wednesday|15
MI 473|10/6/2016|Thursday|15
MI 473|10/7/2016|Friday|15
MI 473|10/8/2016|Saturday|15
MI 473|10/9/2016|Sunday|15
MI 473|10/10/2016|Monday|15
MI 473|10/11/2016|Tuesday|15
MI 473|10/12/2016|Wednesday|15
MI 473|10/13/2016|Thursday|15
MI 473|10/14/2016|Friday|15
MI 473|10/15/2016|Saturday|15
MI 473|10/16/2016|Sunday|15
MI 473|10/17/2016|Monday|15
MI 473|10/18/2016|Tuesday|15
MI 473|10/19/2016|Wednesday|15
MI 473|10/20/2016|Thursday|15
MI 473|10/21/2016|Friday|15
MI 473|10/22/2016|Saturday|15
MI 473|10/23/2016|Sunday|15
MI 473|10/24/2016|Monday|15
MI 473|10/25/2016|Tuesday|15
MI 473|10/26/2016|Wednesday|15
MI 473|10/27/2016|Thursday|15
MI 473|10/28/2016|Friday|15
MI 473|10/30/2016|Sunday|8
MI 473|10/31/2016|Monday|15
MI 473|11/1/2016|Saturday|15
MI 473|11/2/2016|Sunday|14
MI 473|11/3/2016|Monday|15
MI 473|11/4/2016|Tuesday|15
MI 473|11/5/2016|Wednesday|15
MI 473|11/6/2016|Thursday|15
MI 473|11/7/2016|Friday|15
MI 473|11/8/2016|Saturday|15
MI 473|11/9/2016|Sunday|15
MI 473|11/10/2016|Monday|15
MI 473|11/11/2016|Tuesday|15
MI 473|11/12/2016|Wednesday|15
MI 473|11/13/2016|Thursday|15
MI 487|9/2/2016|Sunday|15
MI 487|9/4/2016|Tuesday|15
MI 487|9/5/2016|Wednesday|15
MI 487|9/6/2016|Thursday|15
MI 487|9/9/2016|Sunday|15
MI 487|9/11/2016|Tuesday|15
MI 487|9/12/2016|Wednesday|15
MI 487|9/13/2016|Thursday|15
MI 487|9/16/2016|Sunday|15
MI 487|9/18/2016|Tuesday|15
MI 487|9/19/2016|Wednesday|15
MI 487|9/20/2016|Thursday|15
MI 487|9/23/2016|Sunday|15
MI 487|9/25/2016|Tuesday|15
MI 487|9/26/2016|Wednesday|15
MI 487|9/27/2016|Thursday|15
MI 487|9/30/2016|Sunday|15
MI 487|10/2/2016|Sunday|15
MI 487|10/3/2016|Monday|15
MI 487|10/4/2016|Tuesday|15
MI 487|10/7/2016|Friday|15
MI 487|10/9/2016|Sunday|15
MI 487|10/10/2016|Monday|15
MI 487|10/11/2016|Tuesday|15
MI 487|10/14/2016|Friday|15
MI 487|10/16/2016|Sunday|15
MI 487|10/17/2016|Monday|15
MI 487|10/18/2016|Tuesday|15
MI 487|10/21/2016|Friday|15
MI 487|10/23/2016|Sunday|15
MI 487|10/24/2016|Monday|15
MI 487|10/25/2016|Tuesday|15
MI 487|10/30/2016|Sunday|14
MI 487|10/31/2016|Monday|15
MI 487|11/1/2016|Saturday|15
MI 487|11/4/2016|Tuesday|15
MI 487|11/6/2016|Thursday|15
MI 487|11/7/2016|Friday|15
MI 487|11/8/2016|Saturday|15
MI 487|11/11/2016|Tuesday|15
MI 487|11/13/2016|Thursday|15
SQ 517|9/1/2016|Saturday|15
SQ 517|9/3/2016|Monday|15
SQ 517|9/7/2016|Friday|15
SQ 517|9/8/2016|Saturday|15
SQ 517|9/10/2016|Monday|15
SQ 517|9/14/2016|Friday|15
SQ 517|9/15/2016|Saturday|15
SQ 517|9/17/2016|Monday|15
SQ 517|9/21/2016|Friday|15
SQ 517|9/22/2016|Saturday|15
SQ 517|9/24/2016|Monday|15
SQ 517|9/28/2016|Friday|15
SQ 517|9/29/2016|Saturday|15
SQ 517|10/1/2016|Saturday|15
SQ 517|10/5/2016|Wednesday|15
SQ 517|10/6/2016|Thursday|15
SQ 517|10/8/2016|Saturday|15
SQ 517|10/10/2016|Monday|15
SQ 517|10/12/2016|Wednesday|15
SQ 517|10/13/2016|Thursday|15
SQ 517|10/15/2016|Saturday|15
SQ 517|10/17/2016|Monday|15
SQ 517|10/19/2016|Wednesday|15
SQ 517|10/20/2016|Thursday|15
SQ 517|10/22/2016|Saturday|15
SQ 517|10/24/2016|Monday|15
SQ 517|10/26/2016|Wednesday|15
SQ 517|10/27/2016|Thursday|15
SQ 517|10/29/2016|Saturday|15
SQ 517|11/2/2016|Sunday|15
SQ 517|11/3/2016|Monday|15
SQ 517|11/5/2016|Wednesday|15
SQ 517|11/9/2016|Sunday|15
SQ 517|11/10/2016|Monday|15
SQ 517|11/12/2016|Wednesday|15
