<?xml version="1.0" encoding="UTF-8"?>
<project-private xmlns="http://www.netbeans.org/ns/project-private/1">
    <editor-bookmarks xmlns="http://www.netbeans.org/ns/editor-bookmarks/2" lastBookmarkId="0"/>
    <open-files xmlns="http://www.netbeans.org/ns/projectui-open-files/2">
        <group>
            <file>file:/E:/Importants/IEM/Sem%205/Java/project/Final/Flight%20Reservation%20System_FINAL/src/my/pack/Flight.java</file>
            <file>file:/E:/Importants/IEM/Sem%205/Java/project/Final/Flight%20Reservation%20System_FINAL/src/my/pack/Screen2.java</file>
            <file>file:/E:/Importants/IEM/Sem%205/Java/project/Final/Flight%20Reservation%20System_FINAL/src/my/pack/FRSmanager.java</file>
            <file>file:/E:/Importants/IEM/Sem%205/Java/project/Final/Flight%20Reservation%20System_FINAL/src/my/pack/DisplayManager.java</file>
            <file>file:/E:/Importants/IEM/Sem%205/Java/project/Final/Flight%20Reservation%20System_FINAL/src/my/pack/ComboFlights.java</file>
            <file>file:/E:/Importants/IEM/Sem%205/Java/project/Final/Flight%20Reservation%20System_FINAL/src/my/pack/TDisplayManager.java</file>
            <file>file:/E:/Importants/IEM/Sem%205/Java/project/Final/Flight%20Reservation%20System_FINAL/src/my/pack/Screen1.java</file>
            <file>file:/E:/Importants/IEM/Sem%205/Java/project/Final/Flight%20Reservation%20System_FINAL/src/my/pack/GDisplayManager.java</file>
            <file>file:/E:/Importants/IEM/Sem%205/Java/project/Final/Flight%20Reservation%20System_FINAL/src/my/pack/BookingMgr.java</file>
            <file>file:/E:/Importants/IEM/Sem%205/Java/project/Final/Flight%20Reservation%20System_FINAL/src/my/pack/Screen3.java</file>
            <file>file:/E:/Importants/IEM/Sem%205/Java/project/Final/Flight%20Reservation%20System_FINAL/src/my/pack/SearchManager.java</file>
            <file>file:/E:/Importants/IEM/Sem%205/Java/project/Final/Flight%20Reservation%20System_FINAL/src/my/pack/DataMgr.java</file>
        </group>
    </open-files>
</project-private>
